REVIEW,recipes,slug,name_cs,category,claude_tier,confidence,claude_note,YOUR_TIER,YOUR_NOTE
***,7,tofu,tofu,legumes,findable,low,"now in most Albert/Kaufland; ""extra pevne"" variant is the risky one",,
***,6,almond-flour,mandlová mouka,baking,findable,low,mandlova mouka - Kaufland baking aisle?,,
***,6,blueberries,borůvky,fruits,findable,low,fresh seasonal; frozen is common,,
***,6,oat-flour,ovesná mouka,baking,specialty,low,ovesna mouka rare; ground oats is the swap,,
***,5,garam-masala,garam masala,spices,findable,low,"world-foods shelf, bigger stores",,
***,5,ground-coriander,Mletý koriandr,spices,findable,low,mlety koriandr - bigger spice ranges,,
***,5,ground-ginger,Mletý zázvor,spices,findable,low,mlety zazvor - bigger spice ranges,,
***,5,pecans,pekanové ořechy,nuts,findable,low,pekanove orechy - bigger stores,,
***,5,rice-vinegar,Rýžový ocet,condiments,findable,low,"asian shelf, bigger stores",,
***,4,cardamom,kardamom,spices,findable,low,bigger stores,,
***,4,pico-de-gallo,pico de gallo,condiments,specialty,low,"not a shelf product, its a prepared salsa",,"OWNER 2026-08-18: stays specialty - it is a preparation, not a shelf product. Swap pico-de-gallo -> salsa added to ingredient_substitutions_cz.yaml instead."
***,4,sesame-oil,Sezamový olej,oils,findable,low,"asian shelf, bigger stores",,
***,4,tamari,tamari,condiments,specialty,low,bio corner only? sojova omacka is the swap,,
***,3,goat-cheese,kozí sýr,dairy,findable,low,kozi syr - bigger stores,,
***,2,applesauce,jablečné pyré,fruits,common,low,sold as detska presnidavka / jablecne pyre,,
***,2,artichokes,artyčoky,vegetables,findable,low,"jarred, bigger stores",,
***,2,beef-tenderloin,hovězí svíčková,meat,findable,low,"hovezi svickova - butcher counter, not every store",,
***,2,butternut-squash,máslová dýně,vegetables,findable,low,maslova dyne - seasonal,,
***,2,dates,datle,fruits,findable,low,datle - bigger stores,,
***,2,edamame,edamame,vegetables,specialty,low,frozen edamame in some Kaufland?,,"OWNER 2026-08-18: ""probably never seen it myself, but I'm quite a conservative shopper"" - not vouched for, so specialty stands by default. Revisit if the pool needs it."
***,2,green-curry-paste,zelená kari pasta,condiments,findable,low,"asian shelf, bigger stores. (Mapping defect FIXED: name_cs was generic ""kari pasta"" and owned the cervena aliases.)",,
***,2,hemp-seeds,konopná semínka,nuts,findable,low,konopna seminka - bio/bigger stores,,
***,2,protein-powder,proteinový prášek,other,findable,low,Lidl/Kaufland fitness shelf,,
***,2,sriracha,sriracha,condiments,common,low,now standard in CZ?,,
***,1,asparagus,chřest,vegetables,findable,low,chrest - seasonal,,
***,1,cauliflower-rice,květáková rýže,vegetables,findable,low,frozen kvetakova ryze - bigger stores,,
***,1,cherries,třešně,fruits,findable,low,tresne - seasonal,,
***,1,chickpea-flour,cizrnová mouka,baking,specialty,low,bio shops; Kaufland sometimes?,,"OWNER 2026-08-18: ""probably never seen it myself, but I'm quite a conservative shopper"" - not vouched for, so specialty stands by default. Revisit if the pool needs it."
***,1,chorizo,chorizo,meat,findable,low,bigger stores,,
***,1,cornmeal,kukuřičná mouka,baking,findable,low,kukuricna mouka - bigger stores,,
***,1,english-muffins,anglické muffiny,grains,specialty,low,anglicke muffiny basically unknown in CZ retail,,
***,1,fennel,fenykl,vegetables,findable,low,fenykl - not everywhere,,
***,1,ghee,Přepuštěné máslo,oils,findable,low,prepustene maslo - bigger stores,,
***,1,harissa,harissa,condiments,specialty,low,world-foods shelf in bigger stores?,,"OWNER 2026-08-18: ""probably never seen it myself, but I'm quite a conservative shopper"" - not vouched for, so specialty stands by default. Revisit if the pool needs it."
***,1,juniper-berries,jalovec,spices,findable,low,"jalovec - traditional CZ spice, but stocked everywhere?",,
***,1,panko-breadcrumbs,panko strouhanka,baking,findable,low,asian shelf; normal strouhanka is the swap,,
***,1,parsnip,pastinák,vegetables,findable,low,pastinak - not everywhere,,
***,1,radicchio,radicchio,vegetables,specialty,low,occasionally in bigger Albert?,,"OWNER 2026-08-18: ""probably never seen it myself, but I'm quite a conservative shopper"" - not vouched for, so specialty stands by default. Revisit if the pool needs it."
***,1,raspberries,maliny,fruits,findable,low,fresh seasonal; frozen is common,,
***,1,red-curry-paste,červená kari pasta,condiments,findable,low,"asian shelf, bigger stores. NEW canonical, split out of green-curry-paste.",,
***,1,rice-noodles,rýžové nudle,grains,findable,low,"asian shelf, bigger stores",,
***,1,rice-paper,rýžový papír,grains,findable,low,"asian shelf, bigger stores",,
***,1,ricotta,ricotta,dairy,findable,low,bigger stores,,
***,1,snap-peas,cukrový hrášek,vegetables,findable,low,cukrovy hrasek - not everywhere,,
***,1,sriracha-sauce,Sriracha omáčka,condiments,common,low,duplicate of sriracha - consider merging,,
***,1,trout,pstruh,fish,findable,low,"pstruh - fish counter, not everywhere",,
***,0,fish-sauce,Rybí omáčka,condiments,findable,low,"asian shelf, bigger stores",,
***,0,hoisin-sauce,hoisin omáčka,condiments,specialty,low,asian shelf in Kaufland?,,
***,0,matcha,matcha,beverages,specialty,low,bio/tea shops; some Kaufland?,,
***,0,microgreens,mikrozelenina,vegetables,specialty,low,mikrozelenina rarely stocked,,
***,0,oyster-sauce,Ústřicová omáčka,condiments,specialty,low,asian shelf in Kaufland?,,
***,0,pine-nuts,piniové oříšky,nuts,findable,low,"piniove orisky - bigger stores, pricey",,
***,0,pita-bread,pita chléb,grains,findable,low,not everywhere,,
***,0,rabbit,králík,meat,findable,low,"kralik - seasonal/frozen, not everywhere",,
***,0,saffron,šafrán,spices,findable,low,small sachets in bigger stores,,
***,0,spelt-flour,špaldová mouka,baking,findable,low,spaldova mouka - bigger stores,,
***,0,sprouts,klíčky,vegetables,findable,low,klicky - not everywhere,,
,222,salt,sůl,spices,common,high,,,
,184,garlic,česnek,vegetables,common,high,,,
,169,onion,cibule,vegetables,common,high,,,
,160,black-pepper,pepř černý mletý,spices,common,high,,,
,160,olive-oil,olivový olej,oils,common,high,,,
,152,eggs,vejce,eggs,common,high,,,
,114,sea-salt,mořská sůl,spices,common,high,,,
,109,plain-flour,mouka hladká,baking,common,high,,,
,93,sunflower-oil,slunečnicový olej,oils,common,high,,,
,87,butter,máslo,dairy,common,high,,,
,73,water,voda,beverages,common,high,,,
,67,lemons,citrony,fruits,common,high,,,
,57,bell-pepper,paprika,vegetables,common,high,,,
,51,whole-milk,mléko plnotučné,dairy,common,high,,,
,47,potatoes,brambory,vegetables,common,high,,,
,45,tomatoes,rajčata,vegetables,common,high,,,
,43,cream,smetana,dairy,common,high,,,
,42,carrots,mrkev,vegetables,common,high,,,
,42,sugar,cukr,baking,common,high,,,
,40,caraway-seeds,Kmín,spices,common,high,,,
,39,cinnamon,skořice,spices,common,high,,,
,39,parsley,petrželka,vegetables,common,high,,,
,38,sweet-paprika,Sladká paprika,spices,common,high,,,
SETTLED,37,vanilla-extract,Vanilkový extrakt,baking,specialty,owner,"SETTLED by owner 2026-08-11: not sold in CZ. Swap = vanilkove aroma. 37 recipes, the corpus largest single blocker.",,
,36,baking-powder,kypřicí prášek,baking,common,high,,,
,36,vegetable-stock,zeleninový vývar,condiments,common,high,,,
,35,bay-leaves,bobkový list,spices,common,high,,,
,33,oats,ovesné vločky,grains,common,high,,,
,31,cumin,Římský kmín,spices,common,high,,,
,29,chicken-breast,kuřecí prsa,meat,common,high,,,
,29,chili-powder,chilli prášek,spices,common,high,,,
,29,lime,limetka,fruits,common,high,,,
,28,beef,hovězí maso,meat,common,high,,,
,27,chickpeas,cizrna,legumes,common,high,,,
SETTLED,27,garlic-powder,Česnekový prášek,spices,common,owner,OWNER: any supermarket (suseny/granulovany cesnek),,
,27,spinach,špenát,vegetables,common,high,,,
,27,spring-onion,jarní cibulka,vegetables,common,high,,,
,26,cheese,sýr,dairy,common,high,,,
,26,chili-pepper,chilli paprička,vegetables,common,high,,,
,26,ginger,zázvor,vegetables,common,high,,,
SETTLED,26,maple-syrup,Javorový sirup,other,findable,owner,OWNER: bigger stores/Rohlik only. med is the swap,,
SETTLED,25,coriander,koriandr,vegetables,findable,owner,OWNER: FRESH coriander bigger stores/Rohlik only,,
,24,tomato-paste,rajský protlak,canned,common,high,,,
,23,allspice,nové koření,spices,common,high,,,
,23,celery-root,celer,vegetables,common,high,,,
,23,lard,sádlo,oils,common,high,,,
SETTLED,23,smoked-paprika,uzená paprika,spices,common,owner,OWNER CORRECTION (I had findable): any supermarket,,
,22,baking-soda,Jedlá soda,baking,common,high,,,
,22,beans,fazole,legumes,common,high,,,
,22,honey,med,condiments,common,high,,,
,22,oregano,Oregano,spices,common,high,,,
SETTLED,21,almond-milk,mandlové mléko,dairy,common,owner,OWNER: any supermarket,,
,21,avocado,avokádo,fruits,common,high,,,
,21,mushrooms,žampiony,vegetables,common,high,,,
,21,sun-dried-tomatoes,sušená rajčata,canned,common,high,,,
SETTLED,20,coconut-oil,kokosový olej,oils,common,owner,OWNER: any supermarket,,
,19,bacon,slanina,meat,common,high,,,
,18,cottage-cheese,tvaroh,dairy,common,high,,,
,18,cucumber,okurka,vegetables,common,high,,,
,18,lentils,čočka,legumes,common,high,,,
,18,thyme,Tymián,spices,common,high,,,
,17,dijon-mustard,Dijonská hořčice,condiments,common,high,,,
,16,bananas,banány,fruits,common,high,,,
,16,greek-yogurt,řecký jogurt,dairy,common,high,,,
,16,pork,vepřové maso,meat,common,high,,,
,15,dry-yeast,Sušené droždí,baking,common,high,,,
,15,feta-cheese,sýr feta,dairy,common,high,,,
SETTLED,15,onion-powder,Cibulový prášek,spices,common,owner,"OWNER CORRECTION (I had findable): any supermarket, as common as garlic powder",,
,14,coconut-milk,kokosové mléko,canned,common,high,,,
SETTLED,14,kale,kadeřávek,vegetables,findable,owner,"OWNER: bigger stores/Rohlik only, seasonal. name_cs also FIXED (was the misleading ""kapusta""=savoy).",,
,14,parmesan,parmazán,dairy,common,high,,,
,13,chicken-thigh,kuřecí stehna,meat,common,high,,,
,13,dill,kopr,spices,common,high,,,
,13,marjoram,majoránka,spices,common,high,,,
,13,semi-skimmed-milk,mléko polotučné,dairy,common,high,,,
,13,sweet-potato,batáty,vegetables,common,high,,,
,13,tahini,tahini,condiments,specialty,high,asian/bio shops only,findable,"OWNER 2026-08-18: findable - bigger shop, not a one-stop item. Hummus is mainstream enough. Keeps 13 vegan snack/small_meal recipes published."
,13,vinegar,ocet,condiments,common,high,,,
,12,basil,bazalka,vegetables,common,high,,,
,12,beef-stock,hovězí vývar,condiments,common,high,,,
,12,bread-loaf,chléb,grains,common,high,,,
,12,cauliflower,květák,vegetables,common,high,,,
,12,zucchini,cuketa,vegetables,common,high,,,
,11,chicken-stock,kuřecí vývar,condiments,common,high,,,
,11,mozzarella,mozzarella,dairy,common,high,,,
,11,salmon-fillet,losos filé,fish,common,high,,,
,11,tortilla,tortilly,grains,common,high,,,
,10,breadcrumbs,strouhanka,baking,common,high,,,
,10,broccoli,brokolice,vegetables,common,high,,,
,10,brown-sugar,hnědý cukr,baking,common,high,,,
SETTLED,10,cayenne-pepper,Kajenský pepř,spices,common,owner,OWNER CORRECTION (I had findable): any supermarket,,
,10,curry-powder,Kari koření,spices,common,high,,,
,10,ham,šunka,meat,common,high,,,
,10,peanut-butter,arašídové máslo,condiments,common,high,,,
,10,peas,hrášek,vegetables,common,high,,,
,10,rosemary,Rozmarýn,spices,common,high,,,
,10,sausage,klobása,meat,common,high,,,
,10,vanilla-sugar,vanilkový cukr,baking,common,high,"NEW canonical, split out of vanilla-extract. 8 g sacek, every CZ supermarket.",,
,10,walnuts,vlašské ořechy,nuts,common,high,,,
SETTLED,9,almond-butter,mandlové máslo,nuts,findable,owner,OWNER: bigger stores/Rohlik only. arasidove maslo is the swap,,
,9,nutmeg,Muškátový oříšek,spices,common,high,,,
,9,soy-sauce,sójová omáčka,condiments,common,high,,,
SETTLED,8,avocado-oil,avokádový olej,oils,specialty,owner,OWNER CORRECTION (I had findable): NOT normal retail. repkovy/olivovy is the swap,,
,8,balsamic-vinegar,balzamikový ocet,condiments,common,high,,,
,8,shallot,šalotka,vegetables,common,high,,,
,8,turmeric,Kurkuma,spices,common,high,,,
,8,yellow-mustard,Plnotučná hořčice,condiments,common,high,,,
,7,apple-cider-vinegar,Jablečný ocet,condiments,common,high,,,
,7,apples,jablka,fruits,common,high,,,
,7,brown-rice,hnědá rýže,grains,common,high,,,
,7,chia-seeds,chia semínka,nuts,common,high,,,
,7,chopped-tomatoes-canned,konzervovaná rajčata,canned,common,high,,,
,7,fruit,ovoce,fruits,common,high,,,
SETTLED,7,mint,máta,vegetables,findable,owner,OWNER: fresh mint bigger stores/Rohlik only,,
,7,olives,olivy,canned,common,high,,,
,7,pickles,nakládané okurky,canned,common,high,,,
,7,sour-cream,zakysaná smetana,dairy,common,high,,,
,7,stock,vývar,condiments,common,high,,,
,7,white-wine-vinegar,bílý vinný ocet,condiments,common,high,,,
,6,cornstarch,Kukuřičný škrob,baking,common,high,,,
,6,flaxseed,lněné semínko,nuts,common,high,,,
,6,ketchup,Kečup,condiments,common,high,,,
,6,mango,mango,fruits,common,high,,,
,6,pumpkin-seeds,dýňová semínka,nuts,common,high,,,
,6,radishes,ředkvičky,vegetables,common,high,,,
,6,rice-basmati,rýže basmati,grains,common,high,,,
,6,salsa,salsa,condiments,common,high,,,
,6,sauerkraut,kysané zelí,canned,common,high,,,
,6,tomato-sauce,rajčatová omáčka,condiments,common,high,,,
,6,whole-wheat-flour,celozrnná pšeničná mouka,baking,common,high,,,
,5,bread-roll,rohlík,grains,common,high,,,
,5,cranberries,brusinky,fruits,common,high,,,
,5,green-beans,zelené fazolky,vegetables,common,high,,,
,5,ground-meat,mleté maso,meat,common,high,,,
,5,italian-seasoning,italské koření,spices,common,high,,,
,5,mustard,hořčice,condiments,common,high,,,
,5,white-sugar,Cukr krystal,baking,common,high,,,
,4,almonds,mandle,nuts,common,high,,,
,4,cabbage,zelí,vegetables,common,high,,,
,4,capers,kapary,canned,common,high,,,
,4,chocolate-chips,čokoládové pecičky,baking,common,high,,,
,4,coconut-flakes,kokosové lupínky,baking,common,high,,,
,4,eggplant,lilek,vegetables,common,high,,,
,4,grilling-spice-blend,grilovací koření,spices,common,high,,,
,4,mayonnaise,majonéza,condiments,common,high,,,
,4,popcorn,popcorn,grains,common,high,,,
,4,quinoa,quinoa,grains,common,high,,,
,4,raisins,rozinky,fruits,common,high,,,
,4,white-wine,bílé víno,beverages,common,high,,,
,4,white-yogurt,jogurt bílý,dairy,common,high,,,
,4,worcestershire-sauce,worcesterská omáčka,condiments,common,high,,,
,3,aleppo-pepper-flakes,aleppské chilli vločky,spices,specialty,high,no CZ retail presence,,
,3,buttermilk,podmáslí,dairy,common,high,,,
,3,cashews,kešu ořechy,nuts,common,high,,,
,3,chives,pažitka,spices,common,high,,,
,3,cloves,hřebíček,spices,common,high,,,
,3,coconut-sugar,kokosový cukr,baking,specialty,high,bio/online only,,
,3,cod-fillet,treska filé,fish,common,high,,,
,3,corn,kukuřice,canned,common,high,,,
,3,czech-sausage,špekáčky,meat,common,high,,,
,3,jam,marmeláda,condiments,common,high,,,
,3,leek,pórek,vegetables,common,high,,,
,3,lettuce,hlávkový salát,vegetables,common,high,,,
,3,nutritional-yeast,lahůdkové droždí,condiments,specialty,high,bio shops only,findable,"OWNER 2026-08-18: findable. Sold as lahudkove drozdi in the health corner of bigger stores; the specialty rating judged the US product, not the CZ shelf."
,3,pasta,těstoviny,grains,common,high,,,
,3,powdered-sugar,moučkový cukr,baking,common,high,,,
,3,pumpkin-puree,dýňové pyré,canned,specialty,high,canned pumpkin puree essentially absent in CZ,,
,3,rice-jasmine,rýže jasmínová,grains,common,high,,,
,3,rum,rum,beverages,common,high,,,
,3,salami,salám,meat,common,high,,,
,3,shrimp,krevety,fish,common,high,,,
,3,vanilla-pudding-powder,vanilkový pudinkový prášek,baking,common,high,,,
,3,wine-vinegar,Vinný ocet,condiments,common,high,,,
,2,arugula,rukola,vegetables,common,high,,,
,2,beetroot,červená řepa,vegetables,common,high,,,
,2,brussels-sprouts,růžičková kapusta,vegetables,common,high,,,
,2,chickpeas-canned,cizrna v konzervě,canned,common,high,,,
,2,cocoa-powder,Kakaový prášek,baking,common,high,,,
,2,cream-cheese,smetanový sýr,dairy,common,high,,,
,2,czech-soft-cheese,hermelín,dairy,common,high,,,
,2,hot-sauce,pálivá omáčka,condiments,common,high,,,
,2,margarine,rostlinný tuk,oils,common,high,,,
,2,parsley-root,petržel kořenová,vegetables,common,high,,,
,2,plant-milk,rostlinné mléko,dairy,common,high,,,
,2,poppy-seeds,mák,nuts,common,high,,,
,2,pork-tenderloin,vepřová panenka,meat,common,high,,,
,2,sage,šalvěj,spices,common,high,,,
,2,sesame-seeds,sezamová semínka,nuts,common,high,,,
,2,shredded-cheese-mix,strouhaná sýrová směs,dairy,common,high,,,
,2,spice-blend,kořenicí směs,spices,common,high,,,
,2,strawberries,jahody,fruits,common,high,,,
,2,tortilla-chips,tortillové chipsy,other,common,high,,,
,2,vanilla,vanilka,baking,common,high,,,
,2,whole-chicken,kuře celé,meat,common,high,,,
,1,blue-cheese,niva,dairy,common,high,,,
,1,bok-choy,bok choy,vegetables,specialty,high,asian shop only,,
,1,chicken-drumsticks,kuřecí paličky,meat,common,high,,,
,1,dark-chocolate,čokoláda,baking,common,high,,,
,1,fajita-seasoning,koření fajitas,spices,common,high,,,
,1,gluten-free-flour,bezlepková mouka,baking,findable,high,"bezlepkovy regal, bigger stores",,
,1,guacamole,guacamole,condiments,common,high,,,
,1,gyros-seasoning,koření gyros,spices,common,high,,,
,1,hazelnuts,lískové ořechy,nuts,common,high,,,
,1,herbs-de-provence,provensálské koření,spices,common,high,,,
,1,horseradish,Strouhaný křen,condiments,common,high,,,
,1,hot-paprika,Pálivá paprika,spices,common,high,,,
,1,hummus,hummus,other,common,high,,,
,1,mixed-vegetables,zeleninová směs,vegetables,common,high,,,
,1,molasses,melasa,condiments,specialty,high,not a CZ shelf product,,
,1,nori,nori,other,specialty,high,asian shop / Rohlik,,
,1,pasta-spaghetti,špagety,grains,common,high,,,
,1,peaches,broskve,fruits,common,high,,,
,1,peanuts,arašídy,nuts,common,high,,,
,1,pesto,bazalkové pesto,condiments,common,high,,,
,1,pineapple,ananas,fruits,common,high,,,
,1,pork-loin,vepřová pečeně,meat,common,high,,,
,1,potato-starch,Bramborový škrob,baking,common,high,,,
,1,red-beans-canned,fazole červené v konzervě,canned,common,high,,,
,1,red-wine,červené víno,beverages,common,high,,,
,1,semolina,krupice,grains,common,high,,,
,1,sumac,sumak,spices,specialty,high,no CZ retail presence,,
,1,tapioca-starch,tapiokový škrob,baking,specialty,high,bio/online only,,
,1,tempeh,tempeh,legumes,specialty,high,bio shops only,,"OWNER 2026-08-18: ""probably never seen it myself, but I'm quite a conservative shopper"" - not vouched for, so specialty stands by default. Revisit if the pool needs it."
,1,turkey-breast,krůtí prsa,meat,common,high,,,
,1,vegeta-seasoning,Vegeta,spices,common,high,,,
,1,white-pepper,Mletý bílý pepř,spices,common,high,,,
,1,zaatar,za'atar,spices,specialty,high,no CZ retail presence,,
,0,bbq-sauce,BBQ omáčka,condiments,common,high,,,
,0,beef-mince,hovězí mleté,meat,common,high,,,
,0,coffee,káva,beverages,common,high,,,
,0,okra,okra,vegetables,specialty,high,not stocked,,
,0,pasta-penne,penne,grains,common,high,,,
,0,rapeseed-oil,Řepkový olej,oils,common,high,,,
,0,soup-seasoning,polévkové koření,spices,common,high,,,
,0,stock-cube,Bujón v kostce,spices,common,high,,,
,0,tabasco-sauce,Tabasco,condiments,common,high,,,
,0,table-salt,Kuchyňská sůl,spices,common,high,,,
,0,tartar-sauce,tatarská omáčka,condiments,common,high,,,
,0,tuna-canned,tuňák v konzervě,canned,common,high,,,
,0,white-vinegar,Bílý ocet,condiments,common,high,,,
,37,vanilla-aroma,vanilkové aroma,baking,common,owner,"added in phase 2 as the vanilla-extract swap target",common,"SETTLED by owner 2026-08-11: the CZ equivalent of vanilla extract. Small bottle, every supermarket baking aisle. Swap target for vanilla-extract (37 recipes)."
